,"{SIM_ID=""1""}","{SIM_ID=""2""}","{SIM_ID=""3""}","{SIM_ID=""4""}","{SIM_ID=""5""}"
2023-03-23 19:00:00,0.001752583,0.0282999,0.010264995,0.051591425,0.016740663
2023-03-23 19:00:01,0.008705552,0.028340273,0.016978504,0.051844503,0.016764673
2023-03-23 19:00:02,0.002650031,0.029846842,0.010435444,0.051974355,0.016672581
2023-03-23 19:00:03,0.003157336,0.029135203,0.010327737,0.052039932,0.021507405
2023-03-23 19:00:04,0.001628757,0.031373326,0.010341494,0.054894972,0.01692906
2023-03-23 19:00:05,0.001762207,0.028073652,0.011402318,0.051652537,0.022223625
2023-03-23 19:00:06,0.013230439,0.028175236,0.012380525,0.051871884,0.017387529
2023-03-23 19:00:07,0.001472303,0.028216534,0.010071543,0.051861788,0.020846369
2023-03-23 19:00:08,0.007864078,0.028064414,0.015471284,0.051863767,0.020379688
2023-03-23 19:00:09,0.007864078,0.036166718,0.013822733,0.052921584,0.017123425
2023-03-23 19:00:10,0.001626182,0.028064651,0.010361811,0.051541258,0.016897577
2023-03-23 19:00:11,0.00166215,0.027778545,0.010072429,0.051815933,0.016845045
2023-03-23 19:00:12,0.003769766,0.028175706,0.010996798,0.05176953,0.016808436
2023-03-23 19:00:13,0.001535387,0.027924356,0.011322769,0.051576419,0.01664585
2023-03-23 19:00:14,0.001815911,0.028793804,0.009779264,0.051803595,0.016845561
2023-03-23 19:00:15,0.006516441,0.028054639,0.010304475,0.051723393,0.016803609
2023-03-23 19:00:16,0.001875782,0.027939726,0.010067626,0.051428836,0.017760988
2023-03-23 19:00:17,0.003349366,0.027982369,0.013672707,0.052387619,0.017437382
2023-03-23 19:00:18,0.007991608,0.030378753,0.015208565,0.051811716,0.016793428
2023-03-23 19:00:19,0.004281598,0.028315321,0.015495326,0.05161209,0.01742132
2023-03-23 19:00:20,0.001687682,0.02792052,0.010123736,0.055300035,0.02166134
2023-03-23 19:00:21,0.014083247,0.02792121,0.01031475,0.051796062,0.016892757
2023-03-23 19:00:22,0.006900211,0.027955784,0.030741409,0.051630555,0.016730893
2023-03-23 19:00:23,0.013291517,0.027770391,0.010185474,0.051858203,0.016955247
2023-03-23 19:00:24,0.004827893,0.027969942,0.022078476,0.052248092,0.016732255
2023-03-23 19:00:25,0.005302068,0.027908507,0.010874241,0.051576578,0.016918258
2023-03-23 19:00:26,0.002044756,0.028256491,0.014322673,0.051576578,0.016997598
2023-03-23 19:00:27,0.001814936,0.028083856,0.010789588,0.05201,0.016843532
2023-03-23 19:00:28,0.005856594,0.027738365,0.012951474,0.051571066,0.016859713
2023-03-23 19:00:29,0.002636783,0.028063342,0.010170942,0.05155845,0.016721215
2023-03-23 19:00:30,0.001674373,0.028155181,0.030118769,0.052625073,0.021704468
2023-03-23 19:00:31,0.001499635,0.028913933,0.010028727,0.05153294,0.01686275
2023-03-23 19:00:32,0.001588121,0.028986209,0.010571643,0.051605828,0.021232226
2023-03-23 19:00:33,0.001512521,0.029426697,0.010211709,0.051672675,0.016678368
2023-03-23 19:00:34,0.00203062,0.028559207,0.01009701,0.051408254,0.016915483
2023-03-23 19:00:35,0.001724026,0.028395418,0.010745476,0.051538747,0.01764712
2023-03-23 19:00:36,0.0089814,0.029826988,0.010446209,0.051543538,0.018712659
2023-03-23 19:00:37,0.004704427,0.027895503,0.01012451,0.051617691,0.017009581
2023-03-23 19:00:38,0.003864228,0.028542884,0.010037198,0.052183141,0.016773076
2023-03-23 19:00:39,0.001644723,0.029877005,0.010373337,0.051785476,0.017001269
2023-03-23 19:00:40,0.001601329,0.027754068,0.010054825,0.051756019,0.017142001
2023-03-23 19:00:41,0.00214483,0.027941619,0.009980142,0.054770454,0.016831678
2023-03-23 19:00:42,0.001764046,0.029242987,0.009975583,0.054289541,0.016605935
2023-03-23 19:00:43,0.001817025,0.02779054,0.009946066,0.052611176,0.016884574
2023-03-23 19:00:44,0.002982108,0.029411757,0.015866953,0.051617413,0.017283808
2023-03-23 19:00:45,0.001573852,0.028319703,0.010769136,0.052205598,0.016728987
2023-03-23 19:00:46,0.001574553,0.028161192,0.014893654,0.051608336,0.016793719
2023-03-23 19:00:47,0.006259063,0.028249113,0.010130389,0.053744206,0.016821207
2023-03-23 19:00:48,0.002148031,0.028022368,0.011262791,0.051363793,0.019008045
2023-03-23 19:00:49,0.001619826,0.02808367,0.010267063,0.051747884,0.016867365
2023-03-23 19:00:50,0.001595385,0.027812128,0.014177478,0.051816416,0.016944566
2023-03-23 19:00:51,0.004607162,0.028079567,0.01074803,0.05362665,0.016580183
2023-03-23 19:00:52,0.001698983,0.028934466,0.010229134,0.052656286,0.016743729
2023-03-23 19:00:53,0.007071611,0.027940077,0.009850954,0.051738483,0.016952053
2023-03-23 19:00:54,0.001556471,0.027910916,0.024290006,0.051587688,0.0170691
2023-03-23 19:00:55,0.001569559,0.027953394,0.011561936,0.051266811,0.016968393
2023-03-23 19:00:56,0.003857267,0.02795279,0.012646948,0.05194456,0.016944807
2023-03-23 19:00:57,0.001854791,0.028185163,0.011525154,0.052139151,0.016971005
2023-03-23 19:00:58,0.002295795,0.028127642,0.010032081,0.051747158,0.017124807
2023-03-23 19:00:59,0.003810772,0.028280655,0.020043074,0.053815889,0.017156799
2023-03-23 19:01:00,0.002969433,0.028064916,0.010208466,0.051974612,0.016768444
2023-03-23 19:01:01,0.001879147,0.027895975,0.010389639,0.051805792,0.016912808
2023-03-23 19:01:02,0.002215676,0.027822562,0.011997282,0.051588415,0.016814364
2023-03-23 19:01:03,0.00245521,0.028304791,0.010017968,0.053425823,0.016824043
2023-03-23 19:01:04,0.002162704,0.027918665,0.010301361,0.051661914,0.016968254
2023-03-23 19:01:05,0.010407797,0.028109063,0.010498177,0.051615725,0.017043264
2023-03-23 19:01:06,0.001927548,0.027952169,0.010043297,0.05138014,0.016902914
2023-03-23 19:01:07,0.003897815,0.027958549,0.014150607,0.05203554,0.016741154
2023-03-23 19:01:08,0.005694279,0.028585741,0.010936072,0.051669917,0.016611925
2023-03-23 19:01:09,0.00191014,0.029071289,0.010358931,0.052069584,0.017833772
2023-03-23 19:01:10,0.001552324,0.02817345,0.010475602,0.05163136,0.016910442
2023-03-23 19:01:11,0.002346298,0.027909503,0.015362144,0.05157166,0.022056598
2023-03-23 19:01:12,0.00729438,0.028043891,0.010129337,0.053133047,0.016717289
2023-03-23 19:01:13,0.001897254,0.02819785,0.010201993,0.05523547,0.017065654
2023-03-23 19:01:14,0.002534749,0.028102676,0.01023683,0.052643033,0.018500425
2023-03-23 19:01:15,0.00427901,0.028212806,0.009988124,0.051617681,0.019785857
2023-03-23 19:01:16,0.002202558,0.028150401,0.010315414,0.051484229,0.017179521
2023-03-23 19:01:17,0.003032106,0.028228155,0.0099747,0.051276238,0.017805137
2023-03-23 19:01:18,0.004239444,0.028533066,0.010374861,0.05121546,0.018198586
2023-03-23 19:01:19,0.001540385,0.028058029,0.011303293,0.051741941,0.017318434
2023-03-23 19:01:20,0.001790887,0.027939366,0.010062935,0.051227433,0.01728831
2023-03-23 19:01:21,0.005230077,0.028165455,0.009974724,0.051240537,0.01691649
2023-03-23 19:01:22,0.006074255,0.02777966,0.010125767,0.051464974,0.016843786
2023-03-23 19:01:23,0.001827177,0.028190644,0.010464841,0.051402862,0.018966146
2023-03-23 19:01:24,0.005283651,0.028062278,0.009920916,0.051474814,0.018550491
2023-03-23 19:01:25,0.004660376,0.028037608,0.01012272,0.05161854,0.022876302
2023-03-23 19:01:26,0.005179384,0.027809717,0.010404575,0.051576104,0.021379972
2023-03-23 19:01:27,0.004468534,0.027870432,0.010624606,0.051407972,0.017556731
2023-03-23 19:01:28,0.003136219,0.027889118,0.014250594,0.051733684,0.017582088
2023-03-23 19:01:29,0.00154231,0.02788443,0.010323036,0.0532181,0.017868267
2023-03-23 19:01:30,0.003545007,0.028188378,0.011183707,0.051637122,0.018613246
2023-03-23 19:01:31,0.001962522,0.027798195,0.009810673,0.053943324,0.019382047
2023-03-23 19:01:32,0.001991982,0.028206537,0.011176427,0.053203853,0.016779864
2023-03-23 19:01:33,0.001596539,0.028029998,0.010059957,0.051611764,0.020006156
2023-03-23 19:01:34,0.002040251,0.02789511,0.010255995,0.051958316,0.019183725
2023-03-23 19:01:35,0.001655236,0.027933644,0.010587463,0.051610635,0.018056172
2023-03-23 19:01:36,0.003013838,0.031568743,0.014735279,0.051721333,0.016604246
2023-03-23 19:01:37,0.004423229,0.02810419,0.010381491,0.051738917,0.017831044
2023-03-23 19:01:38,0.002000724,0.02818889,0.010693319,0.051553375,0.017062625
2023-03-23 19:01:39,0.003034027,0.028017941,0.013131751,0.053340912,0.017984299
2023-03-23 19:01:40,0.001815182,0.02920224,0.012904955,0.051477006,0.016909688
2023-03-23 19:01:41,0.00234342,0.028145942,0.011872227,0.051665666,0.017352028
2023-03-23 19:01:42,0.00329657,0.02833148,0.010074561,0.051671625,0.016843183
2023-03-23 19:01:43,0.003763066,0.027845556,0.012240138,0.051448987,0.018981872
2023-03-23 19:01:44,0.001670874,0.027949159,0.010244827,0.051745656,0.016900193
2023-03-23 19:01:45,0.00177963,0.02764844,0.010631882,0.051672578,0.019233065
2023-03-23 19:01:46,0.00164424,0.02804309,0.011831256,0.052096003,0.016999841
2023-03-23 19:01:47,0.005220603,0.027817717,0.012111714,0.051727031,0.01668564
2023-03-23 19:01:48,0.00459584,0.027835719,0.01285341,0.053541323,0.016878531
2023-03-23 19:01:49,0.001824188,0.027882641,0.011354725,0.052283608,0.016843092
2023-03-23 19:01:50,0.002100286,0.02788102,0.020227705,0.051618355,0.018507891
2023-03-23 19:01:51,0.002315275,0.027983623,0.011738388,0.051405405,0.016790717
2023-03-23 19:01:52,0.001915204,0.027885567,0.010568429,0.052692481,0.016960516
2023-03-23 19:01:53,0.002557208,0.027798127,0.012058969,0.051550506,0.016802211
2023-03-23 19:01:54,0.002319013,0.027533542,0.010161669,0.051828692,0.017044084
2023-03-23 19:01:55,0.001894651,0.027893842,0.011105727,0.051916078,0.020353656
2023-03-23 19:01:56,0.002014645,0.028267137,0.010249005,0.052107575,0.017108078
2023-03-23 19:01:57,0.009184738,0.0276939,0.010085725,0.051785895,0.020071758
2023-03-23 19:01:58,0.001978492,0.028176316,0.012643412,0.051617087,0.019226131
2023-03-23 19:01:59,0.003743002,0.027856792,0.02109687,0.051846431,0.018332221
2023-03-23 19:02:00,0.001796089,0.028063757,0.025717566,0.051536402,0.017100869
2023-03-23 19:02:01,0.001888279,0.028098617,0.011227269,0.051428095,0.017899216
2023-03-23 19:02:02,0.004484249,0.029108202,0.011568597,0.051326617,0.017109237
2023-03-23 19:02:03,0.001817332,0.027878601,0.010157932,0.051614448,0.01730878
2023-03-23 19:02:04,0.002269528,0.027958722,0.012215561,0.051884104,0.016671474
2023-03-23 19:02:05,0.001773635,0.027850295,0.01354594,0.051487931,0.017317338
2023-03-23 19:02:06,0.00221278,0.031311133,0.012243552,0.051511092,0.017317338
2023-03-23 19:02:07,0.001487,0.028010241,0.015371402,0.052064195,0.01941967
2023-03-23 19:02:08,0.002373577,0.02771499,0.015402002,0.051575148,0.01788971
2023-03-23 19:02:09,0.001611753,0.027911552,0.013001067,0.051339961,0.018762888
2023-03-23 19:02:10,0.001817787,0.028305862,0.021148105,0.05154936,0.017119613
2023-03-23 19:02:11,0.002211849,0.028046779,0.010219456,0.051695246,0.016874947
2023-03-23 19:02:12,0.005604365,0.028256411,0.010508862,0.052102012,0.016891463
2023-03-23 19:02:13,0.00185279,0.027776213,0.012261785,0.051525393,0.017106862
2023-03-23 19:02:14,0.001714551,0.028800797,0.016129683,0.051774721,0.023888047
2023-03-23 19:02:15,0.001680373,0.02815698,0.012395475,0.051721421,0.016889695
2023-03-23 19:02:16,0.002098752,0.02976341,0.012125324,0.051568858,0.017069232
2023-03-23 19:02:17,0.00279072,0.029444976,0.015165146,0.056778973,0.016586113
2023-03-23 19:02:18,0.001892218,0.027779595,0.013066976,0.05135469,0.016892723
2023-03-23 19:02:19,0.001790269,0.027917544,0.010173008,0.051593367,0.01701074
2023-03-23 19:02:20,0.001918882,0.027719127,0.015961673,0.051568403,0.017009839
2023-03-23 19:02:21,0.001717083,0.027675847,0.011621357,0.051709491,0.017213724
2023-03-23 19:02:22,0.004473309,0.027551962,0.011520547,0.0514971,0.016865002
2023-03-23 19:02:23,0.001783934,0.027562333,0.01090758,0.051784404,0.016588156
2023-03-23 19:02:24,0.001607546,0.027529921,0.012154396,0.051615868,0.01675242
2023-03-23 19:02:25,0.001590548,0.027728417,0.010063381,0.051332948,0.017330146
2023-03-23 19:02:26,0.001485517,0.028262177,0.01016361,0.051724746,0.017122465
2023-03-23 19:02:27,0.005383946,0.027799793,0.013360459,0.057059386,0.017134917
2023-03-23 19:02:28,0.002990272,0.027752161,0.01258645,0.051968589,0.01699105
2023-03-23 19:02:29,0.001741186,0.028502442,0.015105725,0.051512103,0.01739613
2023-03-23 19:02:30,0.002000462,0.027953654,0.01657978,0.051637574,0.017203931
2023-03-23 19:02:31,0.002728763,0.027992213,0.010913329,0.051570499,0.017523939
2023-03-23 19:02:32,0.002764232,0.02816267,0.010694334,0.051683332,0.017149652
2023-03-23 19:02:33,0.001984795,0.027925402,0.010716115,0.051748557,0.016260949
2023-03-23 19:02:34,0.001741164,0.02789348,0.01028455,0.051710987,0.016586299
2023-03-23 19:02:35,0.001984021,0.028279931,0.012906521,0.051305782,0.016478304
2023-03-23 19:02:36,0.002068066,0.031133012,0.01335936,0.051588592,0.018551237
2023-03-23 19:02:37,0.001858706,0.027901456,0.010523863,0.052575046,0.016452255
2023-03-23 19:02:38,0.001942065,0.027801619,0.012789874,0.051804222,0.016533618
2023-03-23 19:02:39,0.002069947,0.02802883,0.01084258,0.051697199,0.01657818
2023-03-23 19:02:40,0.001985207,0.028256312,0.010599793,0.051798853,0.016438963
2023-03-23 19:02:41,0.001756416,0.028333956,0.014273202,0.051867549,0.016494486
2023-03-23 19:02:42,0.001636944,0.027795301,0.010423283,0.05134417,0.016548217
2023-03-23 19:02:43,0.002381433,0.027821426,0.013505173,0.051297306,0.016679484
2023-03-23 19:02:44,0.001728095,0.027658967,0.011273572,0.051490157,0.016893689
2023-03-23 19:02:45,0.002055458,0.028196604,0.03470216,0.051605101,0.016750446
2023-03-23 19:02:46,0.001863659,0.02918008,0.017394836,0.051624331,0.016520161
2023-03-23 19:02:47,0.001644257,0.027796868,0.010553193,0.051731748,0.016613718
2023-03-23 19:02:48,0.001569303,0.028104845,0.010344592,0.051606949,0.016851266
2023-03-23 19:02:49,0.001684765,0.028261481,0.010170868,0.055291176,0.016683664
2023-03-23 19:02:50,0.001468052,0.028243399,0.013436244,0.051517269,0.016551617
2023-03-23 19:02:51,0.007860839,0.0420904,0.010001746,0.063278341,0.034162112
2023-03-23 19:02:52,0.001893891,0.027641095,0.011109934,0.063278341,0.01658471
2023-03-23 19:02:53,0.002106248,0.027696238,0.013731836,0.05191001,0.016476858
2023-03-23 19:02:54,0.002022938,0.028565074,0.009956352,0.051587858,0.016533271
2023-03-23 19:02:55,0.004444619,0.02765699,0.012304287,0.051406322,0.016456574
2023-03-23 19:02:56,0.00154574,0.028369832,0.011929708,0.051583212,0.01712032
2023-03-23 19:02:57,0.001693133,0.027817613,0.011931687,0.051693073,0.016520226
2023-03-23 19:02:58,0.001810393,0.027876651,0.010886714,0.051492224,0.016651946
2023-03-23 19:02:59,0.001773445,0.028120546,0.011955661,0.051489597,0.016500952
2023-03-23 19:03:00,0.001726882,0.028057799,0.018847064,0.051505351,0.016560588
2023-03-23 19:03:01,0.001664619,0.028205197,0.010193527,0.051549194,0.01647455
2023-03-23 19:03:02,0.001706537,0.028003761,0.010263249,0.052220948,0.017970109
2023-03-23 19:03:03,0.001856117,0.028121401,0.0103405,0.051871097,0.016612576
2023-03-23 19:03:04,0.001862786,0.028121283,0.009904638,0.051607582,0.016349206
2023-03-23 19:03:05,0.001621213,0.028166681,0.00998744,0.051382782,0.016431472
2023-03-23 19:03:06,0.001699947,0.027946353,0.009823313,0.051470257,0.016429767
2023-03-23 19:03:07,0.002611857,0.028133154,0.010245314,0.051545555,0.016560189
2023-03-23 19:03:08,0.001484161,0.028135815,0.014049713,0.051501655,0.016930216
2023-03-23 19:03:09,0.002064667,0.027974503,0.00993514,0.051910406,0.016772314
2023-03-23 19:03:10,0.001848926,0.028393368,0.013303652,0.051569099,0.016774016
2023-03-23 19:03:11,0.001421562,0.028560224,0.009986149,0.051547398,0.016591944
2023-03-23 19:03:12,0.002723898,0.027823821,0.010025462,0.051687981,0.016977649
2023-03-23 19:03:13,0.001368528,0.028263258,0.012722988,0.051555006,0.016637421
2023-03-23 19:03:14,0.001817067,0.028217843,0.015924999,0.051496628,0.016720652
2023-03-23 19:03:15,0.001645695,0.028128705,0.01020394,0.051711642,0.016841327
2023-03-23 19:03:16,0.001855369,0.027902575,0.010164789,0.051437568,0.016365549
2023-03-23 19:03:17,0.002035713,0.027726363,0.013668266,0.051781885,0.016674222
2023-03-23 19:03:18,0.001673467,0.02849299,0.010239485,0.051609847,0.017901266
2023-03-23 19:03:19,0.001780071,0.028423343,0.010112079,0.051604477,0.016691083
2023-03-23 19:03:20,0.0017825,0.03064161,0.012276422,0.051817226,0.019248077
2023-03-23 19:03:21,0.001560502,0.027892588,0.010001481,0.051568766,0.017332508
2023-03-23 19:03:22,0.001789705,0.028582932,0.012215027,0.051540583,0.017494029
2023-03-23 19:03:23,0.001390814,0.02788683,0.010359642,0.051895782,0.01675595
2023-03-23 19:03:24,0.001882375,0.027993942,0.011426751,0.05155248,0.017094361
2023-03-23 19:03:25,0.00174552,0.027453499,0.011859892,0.051636328,0.016588061
2023-03-23 19:03:26,0.001720381,0.027517239,0.012394612,0.051708982,0.018641328
2023-03-23 19:03:27,0.001552061,0.027687131,0.009797583,0.051677973,0.017166161
2023-03-23 19:03:28,0.001931136,0.027828323,0.010006645,0.051734943,0.017112145
2023-03-23 19:03:29,0.001934085,0.027332168,0.015453992,0.051802551,0.016768536
2023-03-23 19:03:30,0.001689105,0.027614015,0.010274311,0.051408759,0.016866386
2023-03-23 19:03:31,0.001815181,0.027596529,0.01161189,0.051654558,0.016775846
2023-03-23 19:03:32,0.001598351,0.027773823,0.010054526,0.051464718,0.016978549
2023-03-23 19:03:33,0.001691164,0.027942364,0.010009914,0.051517613,0.01662051
2023-03-23 19:03:34,0.001912738,0.027812566,0.010281077,0.051515568,0.01706242
2023-03-23 19:03:35,0.001537807,0.027661412,0.010056551,0.051837423,0.016808085
2023-03-23 19:03:36,0.001483369,0.027693557,0.013198653,0.05184125,0.018881504
2023-03-23 19:03:37,0.00153718,0.027468033,0.010029535,0.051895295,0.016758894
2023-03-23 19:03:38,0.001719244,0.027758931,0.010157781,0.051383376,0.017116406
2023-03-23 19:03:39,0.001568498,0.0280324,0.010133914,0.051605123,0.017699573
2023-03-23 19:03:40,0.001651984,0.027771945,0.009841675,0.053206728,0.016924674
2023-03-23 19:03:41,0.001741038,0.028099747,0.011717283,0.051634495,0.016843787
2023-03-23 19:03:42,0.001686306,0.028055406,0.013680506,0.051636139,0.016987582
2023-03-23 19:03:43,0.001564213,0.027544041,0.010266318,0.051634397,0.018029706
2023-03-23 19:03:44,0.001624964,0.027462253,0.014100115,0.051642174,0.017161267
2023-03-23 19:03:45,0.001497725,0.027678492,0.009855017,0.054195345,0.017018582
2023-03-23 19:03:46,0.001464792,0.027689373,0.013420334,0.051557936,0.01703905
2023-03-23 19:03:47,0.001573982,0.027857202,0.010261798,0.051478528,0.017346926
2023-03-23 19:03:48,0.001850124,0.027911852,0.010000372,0.051487642,0.016733048
2023-03-23 19:03:49,0.001932917,0.027653003,0.009888025,0.051636368,0.01690668
2023-03-23 19:03:50,0.00177808,0.027603339,0.010002703,0.051529117,0.017051685
2023-03-23 19:03:51,0.001703426,0.027800742,0.009947442,0.051712448,0.016852081
2023-03-23 19:03:52,0.001533324,0.027730476,0.013214407,0.051448284,0.016806214
2023-03-23 19:03:53,0.001943311,0.027781939,0.010890528,0.05144835,0.016858361
2023-03-23 19:03:54,0.001746929,0.027484048,0.009779636,0.051436995,0.017811721
2023-03-23 19:03:55,0.001618786,0.028387342,0.013941603,0.054543378,0.016603805
2023-03-23 19:03:56,0.001676938,0.028349273,0.010571696,0.051339824,0.017155505
2023-03-23 19:03:57,0.001722385,0.027730953,0.014707535,0.052210966,0.016753675
2023-03-23 19:03:58,0.001527565,0.027700037,0.0103174,0.051673265,0.017725379
2023-03-23 19:03:59,0.001914534,0.027545065,0.010038967,0.051533614,0.017140946
2023-03-23 19:04:00,0.001571991,0.027726104,0.010036986,0.051811511,0.016797652
2023-03-23 19:04:01,0.001930113,0.027634887,0.010177973,0.05189676,0.016961241
2023-03-23 19:04:02,0.001577448,0.027942706,0.010232024,0.051490036,0.017047403
2023-03-23 19:04:03,0.001922045,0.027664354,0.010168418,0.051693017,0.017120638
2023-03-23 19:04:04,0.001581202,0.027651491,0.010165658,0.051391005,0.016918768
2023-03-23 19:04:05,0.00218296,0.027746437,0.009966456,0.051707982,0.017105332
2023-03-23 19:04:06,0.001733517,0.0283387,0.012200902,0.051587055,0.016688321
2023-03-23 19:04:07,0.001987284,0.02787111,0.010426417,0.051898115,0.017425559
2023-03-23 19:04:08,0.001775035,0.028136661,0.010922953,0.051470242,0.018688968
2023-03-23 19:04:09,0.001741875,0.027381465,0.010180391,0.051657179,0.016960806
2023-03-23 19:04:10,0.001560069,0.027693165,0.011081308,0.051784621,0.017735597
2023-03-23 19:04:11,0.002107064,0.027979826,0.010047989,0.051571102,0.016910291
2023-03-23 19:04:12,0.006724428,0.028239273,0.013463248,0.051614047,0.017423515
2023-03-23 19:04:13,0.001733953,0.028022636,0.010473271,0.05196545,0.016734236
2023-03-23 19:04:14,0.001664917,0.027592655,0.011630988,0.052241467,0.016768047
2023-03-23 19:04:15,0.001687538,0.027517256,0.00998736,0.051748849,0.017079208
2023-03-23 19:04:16,0.001712044,0.02792839,0.009934311,0.051617461,0.016859431
2023-03-23 19:04:17,0.001660673,0.027703243,0.010142185,0.05144027,0.016889309
2023-03-23 19:04:18,0.001709073,0.028118782,0.009826514,0.051536531,0.017420471
2023-03-23 19:04:19,0.001728096,0.027782509,0.010122843,0.051580346,0.016966015
2023-03-23 19:04:20,0.001790014,0.028166743,0.010322945,0.051598222,0.017364634
2023-03-23 19:04:21,0.00194343,0.027652568,0.011307162,0.051639451,0.01708183
2023-03-23 19:04:22,0.001540843,0.027947833,0.010518747,0.051637532,0.01683406
2023-03-23 19:04:23,0.001854557,0.027632644,0.009920594,0.051501634,0.016799191
2023-03-23 19:04:24,0.001600149,0.030386891,0.009807599,0.052809572,0.016813943
2023-03-23 19:04:25,0.00167606,0.027842781,0.013125482,0.051708131,0.017230289
2023-03-23 19:04:26,0.001390593,0.027971436,0.010101578,0.051349735,0.017264161
2023-03-23 19:04:27,0.001657648,0.02958802,0.010482602,0.051466593,0.016886788
2023-03-23 19:04:28,0.00177634,0.027684108,0.01228399,0.051286336,0.017284249
2023-03-23 19:04:29,0.001513508,0.027735776,0.013104875,0.053127644,0.016656661
2023-03-23 19:04:30,0.001836927,0.027655731,0.010991888,0.051534628,0.017380671
2023-03-23 19:04:31,0.001502536,0.027697735,0.013744444,0.051885709,0.016895668
2023-03-23 19:04:32,0.001921288,0.02780697,0.011710606,0.051592219,0.021283119
2023-03-23 19:04:33,0.001816139,0.027680676,0.009918218,0.053729886,0.016632725
2023-03-23 19:04:34,0.00191178,0.027727838,0.0134628,0.054239628,0.016860396
2023-03-23 19:04:35,0.001845299,0.027766219,0.010086953,0.052407653,0.016769579
2023-03-23 19:04:36,0.00168421,0.027799364,0.010220823,0.051502593,0.017136736
2023-03-23 19:04:37,0.00155413,0.027910895,0.011555299,0.051491991,0.016702716
2023-03-23 19:04:38,0.001503779,0.027876612,0.009958206,0.051555029,0.016778106
2023-03-23 19:04:39,0.001820165,0.027668145,0.009986385,0.051707204,0.016852854
2023-03-23 19:04:40,0.001845023,0.027673641,0.010288853,0.051896096,0.016801381
2023-03-23 19:04:41,0.005879807,0.027771848,0.010037531,0.051911335,0.017087079
2023-03-23 19:04:42,0.001453661,0.027559527,0.009891343,0.051824208,0.016850531
2023-03-23 19:04:43,0.001361242,0.027579929,0.013816257,0.051365678,0.01677438
2023-03-23 19:04:44,0.001481835,0.028084244,0.013209307,0.051618812,0.017782179
2023-03-23 19:04:45,0.001329685,0.02757308,0.012115361,0.051902323,0.016776608
2023-03-23 19:04:46,0.001391451,0.027871612,0.015972819,0.053737231,0.016996655
2023-03-23 19:04:47,0.001833563,0.028181838,0.010348775,0.051570334,0.017099412
2023-03-23 19:04:48,0.001390829,0.027863284,0.01235698,0.052204515,0.017275442
2023-03-23 19:04:49,0.00166471,0.027819052,0.010080551,0.051571777,0.016922073
2023-03-23 19:04:50,0.001581157,0.028095501,0.009924992,0.05205942,0.017507066
2023-03-23 19:04:51,0.003361229,0.027929362,0.015358954,0.05430188,0.017338651
2023-03-23 19:04:52,0.007190804,0.027953059,0.011623798,0.054435573,0.017158066
2023-03-23 19:04:53,0.00174583,0.028613209,0.010146712,0.051837281,0.018390298
2023-03-23 19:04:54,0.001846299,0.027905776,0.010111514,0.051703824,0.016897286
2023-03-23 19:04:55,0.001786838,0.027972172,0.010193311,0.05137736,0.016936206
2023-03-23 19:04:56,0.003010741,0.027849128,0.010408675,0.051542504,0.019050165
2023-03-23 19:04:57,0.001651058,0.029431533,0.010175432,0.051670644,0.016783924
2023-03-23 19:04:58,0.001609723,0.027706402,0.010179085,0.051656643,0.017281769
2023-03-23 19:04:59,0.001674624,0.027892734,0.010116502,0.062955765,0.017063899
2023-03-23 19:05:00,0.001870444,0.027865101,0.010014447,0.051488808,0.016854891
2023-03-23 19:05:01,0.001665534,0.027682983,0.010437444,0.064422353,0.017081179
2023-03-23 19:05:02,0.001589983,0.028087449,0.009772644,0.052386451,0.017163344
2023-03-23 19:05:03,0.002317856,0.027609574,0.010047385,0.051515651,0.016944734
2023-03-23 19:05:04,0.001914845,0.027714587,0.010329773,0.051990726,0.017226621
2023-03-23 19:05:05,0.001906039,0.027741785,0.010829289,0.051594737,0.016774139
2023-03-23 19:05:06,0.004130723,0.027865072,0.010235668,0.051523299,0.016730194
2023-03-23 19:05:07,0.001651864,0.027884369,0.010349823,0.053699168,0.017057071
2023-03-23 19:05:08,0.001702474,0.02774945,0.009928906,0.051393786,0.016600283
2023-03-23 19:05:09,0.001617986,0.027829661,0.010161392,0.051723856,0.017162235
2023-03-23 19:05:10,0.001593873,0.027936307,0.010265302,0.05279454,0.017305373
2023-03-23 19:05:11,0.00659767,0.027821737,0.010208732,0.052228815,0.01659203
2023-03-23 19:05:12,0.001705441,0.027676313,0.010680293,0.051487345,0.017007348
2023-03-23 19:05:13,0.001773093,0.027825794,0.011245441,0.051864029,0.01681495
2023-03-23 19:05:14,0.001718884,0.027724059,0.010265875,0.053178348,0.016777561
2023-03-23 19:05:15,0.001545561,0.028146762,0.010013826,0.051629224,0.017174817
2023-03-23 19:05:16,0.001498719,0.028077271,0.010188481,0.051377386,0.016913776
2023-03-23 19:05:17,0.001574919,0.027975194,0.013274504,0.052170833,0.016922705
2023-03-23 19:05:18,0.001806446,0.028139856,0.010182396,0.051593152,0.016691483
2023-03-23 19:05:19,0.001673428,0.027858269,0.0101172,0.051615755,0.017004344
2023-03-23 19:05:20,0.001928396,0.027814769,0.011428854,0.051523316,0.016752668
2023-03-23 19:05:21,0.002308011,0.028244373,0.01009426,0.051894965,0.017447952
2023-03-23 19:05:22,0.001784139,0.027769295,0.010237177,0.051597683,0.017286912
2023-03-23 19:05:23,0.001923049,0.027910778,0.010076475,0.051411702,0.016828069
2023-03-23 19:05:24,0.005989302,0.027798034,0.009852019,0.051890854,0.017137298
2023-03-23 19:05:25,0.001905552,0.027808839,0.010038204,0.052253664,0.017188471
2023-03-23 19:05:26,0.001752871,0.027851317,0.010100591,0.05240502,0.017241168
2023-03-23 19:05:27,0.001961116,0.02785359,0.010136383,0.052094298,0.016699785
2023-03-23 19:05:28,0.001629171,0.02796318,0.009969187,0.051509238,0.017651174
2023-03-23 19:05:29,0.00165717,0.027915046,0.010073956,0.051485379,0.016647986
2023-03-23 19:05:30,0.001482598,0.027676947,0.010148376,0.051537279,0.016672056
2023-03-23 19:05:31,0.001608817,0.027950377,0.010214138,0.052886366,0.016914915
2023-03-23 19:05:32,0.001515387,0.027814292,0.010026258,0.052306057,0.017193296
2023-03-23 19:05:33,0.002065675,0.027879041,0.010228749,0.052390146,0.017395401
2023-03-23 19:05:34,0.001627259,0.027740331,0.010592062,0.051551436,0.017096118
2023-03-23 19:05:35,0.001467041,0.027812964,0.01093646,0.051938931,0.016833107
2023-03-23 19:05:36,0.001579197,0.029536587,0.012745094,0.052116122,0.016799402
2023-03-23 19:05:37,0.002118078,0.027987754,0.012082793,0.05160057,0.016705577
2023-03-23 19:05:38,0.001728206,0.02828287,0.010522703,0.051720536,0.016917741
2023-03-23 19:05:39,0.001557111,0.027926503,0.009792987,0.051670549,0.016826976
2023-03-23 19:05:40,0.001822737,0.027792723,0.010068063,0.051636853,0.016808617
2023-03-23 19:05:41,0.001662064,0.02815499,0.011885919,0.051563333,0.019580644
2023-03-23 19:05:42,0.001750223,0.027850244,0.009934046,0.051358108,0.016714085
2023-03-23 19:05:43,0.001612151,0.027678878,0.010201644,0.055441494,0.016958276
2023-03-23 19:05:44,0.001738096,0.027670805,0.010773978,0.053831671,0.020172615
2023-03-23 19:05:45,0.001693752,0.028054113,0.011779896,0.051400722,0.016931566
2023-03-23 19:05:46,0.001882151,0.028032993,0.010279075,0.051969388,0.016923386
2023-03-23 19:05:47,0.001666003,0.027654249,0.010074485,0.059416456,0.016848457
2023-03-23 19:05:48,0.001592474,0.028255526,0.012443717,0.051846866,0.016817027
2023-03-23 19:05:49,0.001668971,0.027815376,0.010932818,0.053504163,0.01711983
2023-03-23 19:05:50,0.001472181,0.028060981,0.010002497,0.05181366,0.017042666
2023-03-23 19:05:51,0.00163985,0.027798802,0.010115029,0.05159502,0.016636524
2023-03-23 19:05:52,0.00168203,0.027596738,0.01018734,0.051955378,0.016998108
2023-03-23 19:05:53,0.001626216,0.027946703,0.010717132,0.051533241,0.016767241
2023-03-23 19:05:54,0.002138964,0.027964148,0.010492749,0.052091735,0.017173868
2023-03-23 19:05:55,0.001590575,0.028248519,0.010072972,0.051520953,0.016776119
2023-03-23 19:05:56,0.001668921,0.02803948,0.010962413,0.051535838,0.016807607
2023-03-23 19:05:57,0.001582318,0.028120506,0.010073215,0.051691702,0.016563485
2023-03-23 19:05:58,0.008908721,0.028199089,0.010561101,0.051785947,0.016841801
2023-03-23 19:05:59,0.001899807,0.027645705,0.010203638,0.064322546,0.017436323
2023-03-23 19:06:00,0.002436502,0.027906899,0.010030354,0.052293792,0.016739879
2023-03-23 19:06:01,0.001881903,0.027956479,0.010344948,0.052261017,0.016958934
2023-03-23 19:06:02,0.001640521,0.027804419,0.009898595,0.076539495,0.016984285
2023-03-23 19:06:03,0.001882112,0.028818081,0.010476945,0.051719761,0.01739175
2023-03-23 19:06:04,0.002432135,0.027689639,0.010408738,0.051694582,0.022102265
2023-03-23 19:06:05,0.002120501,0.02779892,0.01520372,0.051899386,0.016890229
2023-03-23 19:06:06,0.001909159,0.027757657,0.010295211,0.051411999,0.016741078
2023-03-23 19:06:07,0.001713636,0.027656179,0.009966677,0.051883657,0.016790763
2023-03-23 19:06:08,0.004071902,0.027943652,0.010539454,0.052107824,0.016874162
2023-03-23 19:06:09,0.002017985,0.02802172,0.010217658,0.052632717,0.016964664
2023-03-23 19:06:10,0.001835057,0.02769856,0.010071796,0.05165783,0.016782057
2023-03-23 19:06:11,0.001754266,0.027703753,0.009969167,0.057247157,0.016571704
2023-03-23 19:06:12,0.002682118,0.027974631,0.010078368,0.051630032,0.017405469
2023-03-23 19:06:13,0.001606094,0.027835078,0.009887069,0.052847759,0.021089577
2023-03-23 19:06:14,0.002084797,0.02772966,0.010199896,0.051702362,0.019472882
2023-03-23 19:06:15,0.00176216,0.027865839,0.010657785,0.051650246,0.017073023
2023-03-23 19:06:16,0.001869804,0.027739617,0.010674091,0.051311144,0.016684996
2023-03-23 19:06:17,0.001773698,0.027983972,0.012427474,0.051547184,0.017165899
2023-03-23 19:06:18,0.00215195,0.028105633,0.010567063,0.05147136,0.016919094
2023-03-23 19:06:19,0.001652931,0.027710541,0.009911866,0.052631869,0.016884572
2023-03-23 19:06:20,0.001994905,0.027679226,0.009930668,0.053965889,0.016920964
2023-03-23 19:06:21,0.002011214,0.030592084,0.009805913,0.051785272,0.016946082
2023-03-23 19:06:22,0.001984164,0.027820407,0.009837251,0.051515292,0.017170877
2023-03-23 19:06:23,0.002155032,0.02811675,0.012464832,0.051903822,0.017126503
2023-03-23 19:06:24,0.002018679,0.027719278,0.010189778,0.051871418,0.016582436
2023-03-23 19:06:25,0.001661272,0.027652333,0.010388601,0.051648839,0.016574373
2023-03-23 19:06:26,0.002073896,0.028002467,0.011699233,0.051723274,0.016612931
2023-03-23 19:06:27,0.001709499,0.027775248,0.01028993,0.051757946,0.016591838
2023-03-23 19:06:28,0.002231967,0.028080811,0.011701585,0.051606384,0.017566465
2023-03-23 19:06:29,0.001812937,0.02793278,0.010510037,0.052588419,0.017009863
2023-03-23 19:06:30,0.001883411,0.027813055,0.010144285,0.051376298,0.017285349
2023-03-23 19:06:31,0.001731102,0.028014237,0.00995401,0.059828301,0.016971141
2023-03-23 19:06:32,0.001922482,0.028043735,0.010047052,0.05181431,0.017376679
2023-03-23 19:06:33,0.002218338,0.027903572,0.010513901,0.051591142,0.016731375
2023-03-23 19:06:34,0.00169025,0.027686288,0.010326444,0.051530484,0.016994272
2023-03-23 19:06:35,0.001628488,0.027941611,0.010451453,0.052328066,0.016779867
2023-03-23 19:06:36,0.001544063,0.027987231,0.010044513,0.051728025,0.016887366
2023-03-23 19:06:37,0.001674054,0.032110149,0.009856792,0.051565331,0.016769852
2023-03-23 19:06:38,0.001820953,0.028507785,0.009974389,0.051834592,0.016877697
2023-03-23 19:06:39,0.002039466,0.027936866,0.010285057,0.05160946,0.016915579
2023-03-23 19:06:40,0.001906069,0.027869017,0.009850458,0.051503335,0.016808731
2023-03-23 19:06:41,0.001454604,0.027665387,0.009819988,0.052238735,0.016857704
2023-03-23 19:06:42,0.00191482,0.027986895,0.01038742,0.06026139,0.016903177
2023-03-23 19:06:43,0.001609688,0.027932681,0.010282147,0.064354235,0.016774853
2023-03-23 19:06:44,0.001424109,0.027757556,0.010307759,0.051686071,0.0167602
2023-03-23 19:06:45,0.001783902,0.028160564,0.010072224,0.054465095,0.016806784
2023-03-23 19:06:46,0.001978584,0.028196187,0.010170055,0.051417244,0.016776582
2023-03-23 19:06:47,0.001729201,0.027863543,0.010141198,0.051828957,0.016835209
2023-03-23 19:06:48,0.001680717,0.028128266,0.010293282,0.06060062,0.016487193
2023-03-23 19:06:49,0.001908827,0.027897353,0.010251773,0.051913072,0.016575547
2023-03-23 19:06:50,0.00177745,0.027532695,0.010158363,0.061979738,0.017060523
2023-03-23 19:06:51,0.004288398,0.027797947,0.010346124,0.051584772,0.016666475
2023-03-23 19:06:52,0.005041834,0.04064185,0.010052152,0.051596768,0.01992107
2023-03-23 19:06:53,0.002106223,0.027811276,0.010373391,0.051700227,0.017092936
2023-03-23 19:06:54,0.002239542,0.027902403,0.010613931,0.051789399,0.016891666
2023-03-23 19:06:55,0.00164037,0.028237728,0.010719268,0.051937913,0.017139602
2023-03-23 19:06:56,0.00212505,0.028041592,0.014390172,0.051745761,0.017233207
2023-03-23 19:06:57,0.002045936,0.027998136,0.009948826,0.063574066,0.01670675
2023-03-23 19:06:58,0.001743577,0.028501975,0.010342894,0.051762343,0.016949211
2023-03-23 19:06:59,0.00188252,0.028001501,0.010314213,0.09362553,0.016664624
2023-03-23 19:07:00,0.002470911,0.028549168,0.010311943,0.052141476,0.016692841
2023-03-23 19:07:01,0.001702877,0.028539226,0.010403949,0.051872257,0.016653523
2023-03-23 19:07:02,0.001696985,0.027877495,0.009947641,0.051724749,0.016913549
2023-03-23 19:07:03,0.001742391,0.027995806,0.011019197,0.0518484,0.016674782
2023-03-23 19:07:04,0.003078123,0.028063427,0.013042174,0.052399712,0.016950631
2023-03-23 19:07:05,0.001808431,0.028318489,0.013721809,0.051795813,0.016777755
2023-03-23 19:07:06,0.006385694,0.028383774,0.012280328,0.05180773,0.016753479
2023-03-23 19:07:07,0.001661574,0.027840355,0.010473443,0.051945054,0.016727154
2023-03-23 19:07:08,0.002917764,0.027818457,0.012402293,0.051936586,0.016839447
2023-03-23 19:07:09,0.00172371,0.027742193,0.011812966,0.055866975,0.016853154
2023-03-23 19:07:10,0.001841624,0.027726164,0.022246095,0.052078143,0.016957063
2023-03-23 19:07:11,0.001931835,0.028268754,0.011303672,0.051920097,0.016997011
2023-03-23 19:07:12,0.001734269,0.028652528,0.011884369,0.052126709,0.016840569
2023-03-23 19:07:13,0.001608131,0.028147604,0.012504185,0.051791624,0.016942668
2023-03-23 19:07:14,0.006590591,0.027879733,0.012856962,0.051792821,0.017414813
2023-03-23 19:07:15,0.001638522,0.027961517,0.013520323,0.051517923,0.016744667
2023-03-23 19:07:16,0.001727338,0.027888832,0.012903323,0.051787593,0.016743071
2023-03-23 19:07:17,0.001628525,0.028061117,0.012425573,0.052177613,0.01689863
2023-03-23 19:07:18,0.002063051,0.028183617,0.011276087,0.051920611,0.016974173
2023-03-23 19:07:19,0.001679058,0.028081655,0.012502713,0.051734298,0.016742659
2023-03-23 19:07:20,0.001704226,0.028095637,0.011696714,0.051611281,0.016872058
2023-03-23 19:07:21,0.001932865,0.02777101,0.011939543,0.052325528,0.016962566
2023-03-23 19:07:22,0.001683469,0.02795693,0.010767604,0.052318498,0.018206342
2023-03-23 19:07:23,0.001391974,0.027888057,0.010398769,0.059396907,0.016738065
2023-03-23 19:07:24,0.001501653,0.028081553,0.011849322,0.05177853,0.016818645
2023-03-23 19:07:25,0.001505868,0.028154816,0.009890699,0.051927966,0.016682216
2023-03-23 19:07:26,0.001676302,0.027673005,0.010622755,0.051582257,0.016883192
2023-03-23 19:07:27,0.001992174,0.0277391,0.010757338,0.051651469,0.016703239
2023-03-23 19:07:28,0.0020384,0.028179113,0.010421631,0.051815723,0.017024048
2023-03-23 19:07:29,0.001767668,0.028098392,0.010925114,0.051447381,0.016741052
2023-03-23 19:07:30,0.001650282,0.028105354,0.012083081,0.053044227,0.016744237
2023-03-23 19:07:31,0.001481248,0.028134806,0.01015702,0.051348047,0.016747701
2023-03-23 19:07:32,0.001861371,0.027793,0.010589633,0.052004483,0.016852184
2023-03-23 19:07:33,0.001654371,0.028193424,0.010645913,0.064683932,0.016852985
2023-03-23 19:07:34,0.001792377,0.028327431,0.013104048,0.051659014,0.016876723
2023-03-23 19:07:35,0.002072274,0.028101766,0.01064611,0.054983767,0.017100909
2023-03-23 19:07:36,0.002179281,0.035534129,0.009914095,0.0516618,0.018627387
2023-03-23 19:07:37,0.001600266,0.027973467,0.010360518,0.051493967,0.017047895
2023-03-23 19:07:38,0.001718565,0.028104931,0.010358649,0.066284965,0.017493019
2023-03-23 19:07:39,0.001842962,0.027866194,0.01030084,0.051740281,0.0168068
2023-03-23 19:07:40,0.00258748,0.028007395,0.016325549,0.051564489,0.01687906
2023-03-23 19:07:41,0.001688844,0.027973732,0.010399471,0.052156401,0.016696122
2023-03-23 19:07:42,0.001540516,0.028091481,0.010365125,0.051877767,0.016771397
2023-03-23 19:07:43,0.00148958,0.029901287,0.010562644,0.051705002,0.016883434
2023-03-23 19:07:44,0.001626693,0.030580745,0.010308277,0.051428732,0.016744717
2023-03-23 19:07:45,0.00170871,0.027762543,0.010001728,0.051651818,0.017685055
2023-03-23 19:07:46,0.013853243,0.031783343,0.010103378,0.051846236,0.016714276
2023-03-23 19:07:47,0.001466552,0.03150296,0.010375679,0.051898362,0.016918925
2023-03-23 19:07:48,0.001713646,0.030007553,0.010162339,0.053906004,0.017249518
2023-03-23 19:07:49,0.001522745,0.028681255,0.010269588,0.051952678,0.016779099
2023-03-23 19:07:50,0.001576275,0.02801473,0.01054118,0.051439863,0.016999241
2023-03-23 19:07:51,0.00158365,0.028257712,0.010084242,0.051673494,0.017003762
2023-03-23 19:07:52,0.001715805,0.030053553,0.010945929,0.051445035,0.016651597
2023-03-23 19:07:53,0.001649013,0.029427815,0.009983974,0.054666935,0.017053772
2023-03-23 19:07:54,0.001662713,0.029412058,0.010419997,0.051648175,0.01672264
2023-03-23 19:07:55,0.0020047,0.037593698,0.010081342,0.053060347,0.016535495
2023-03-23 19:07:56,0.001742245,0.033817918,0.010253238,0.05248738,0.019549418
2023-03-23 19:07:57,0.00172701,0.028663462,0.011370155,0.051996003,0.016720586
2023-03-23 19:07:58,0.001797656,0.028179043,0.009730926,0.052256332,0.016906687
2023-03-23 19:07:59,0.001888535,0.027949688,0.010229149,0.052548494,0.016676766
2023-03-23 19:08:00,0.001796822,0.02829491,0.019631568,0.052135824,0.016603247
2023-03-23 19:08:01,0.002126743,0.028174288,0.010666413,0.051924635,0.01661121
2023-03-23 19:08:02,0.001753358,0.027812585,0.01003535,0.079598446,0.0163827
2023-03-23 19:08:03,0.00183081,0.027818067,0.009966652,0.05196323,0.016721691
2023-03-23 19:08:04,0.001841993,0.028095466,0.010042803,0.052299122,0.016537236
2023-03-23 19:08:05,0.001614137,0.028048234,0.009924988,0.05214688,0.016671189
2023-03-23 19:08:06,0.001429033,0.028082275,0.010549856,0.052052681,0.023650158
2023-03-23 19:08:07,0.00227422,0.028319484,0.009953281,0.051821014,0.017310663
2023-03-23 19:08:08,0.00217602,0.033902078,0.010034815,0.051672891,0.018918428
2023-03-23 19:08:09,0.001653606,0.031175808,0.009889254,0.051574624,0.01671347
2023-03-23 19:08:10,0.00227088,0.027919862,0.010068758,0.051425378,0.016949405
2023-03-23 19:08:11,0.001891171,0.0280625,0.010400716,0.055645177,0.016641911
2023-03-23 19:08:12,0.001580984,0.028657229,0.011094309,0.052020389,0.016599613
2023-03-23 19:08:13,0.00153744,0.028204659,0.010318776,0.051612206,0.016819102
2023-03-23 19:08:14,0.001609429,0.027890411,0.009955678,0.051636835,0.016615003
2023-03-23 19:08:15,0.0016748,0.027815767,0.009987339,0.051718182,0.016524164
2023-03-23 19:08:16,0.001502677,0.028547747,0.010470554,0.051613619,0.016771121
2023-03-23 19:08:17,0.001525517,0.027895576,0.010355504,0.051798035,0.016851854
2023-03-23 19:08:18,0.001590087,0.029888953,0.010261242,0.051769975,0.016847354
2023-03-23 19:08:19,0.001497887,0.027890545,0.010109041,0.05148831,0.016820737
2023-03-23 19:08:20,0.00149284,0.027724462,0.010176088,0.051519125,0.016583992
2023-03-23 19:08:21,0.001521502,0.027638737,0.010864987,0.052246718,0.016717788
2023-03-23 19:08:22,0.00167808,0.027864521,0.010131933,0.051862883,0.016683455
2023-03-23 19:08:23,0.001901446,0.028147689,0.010437892,0.051519354,0.016645747
2023-03-23 19:08:24,0.00179794,0.027980673,0.010919289,0.051264274,0.016506018
2023-03-23 19:08:25,0.001587153,0.028077329,0.009919889,0.051633363,0.017383275
2023-03-23 19:08:26,0.007563324,0.028170123,0.009781349,0.051546179,0.018037326
2023-03-23 19:08:27,0.003117428,0.031418307,0.010911009,0.054752773,0.016655418
2023-03-23 19:08:28,0.001773324,0.028409856,0.010541211,0.051593278,0.017178898
2023-03-23 19:08:29,0.001479552,0.027704492,0.010141018,0.051952544,0.016746926
2023-03-23 19:08:30,0.001640445,0.030286613,0.010525528,0.052931965,0.016517513
2023-03-23 19:08:31,0.001537147,0.029183741,0.010346512,0.051718254,0.016687817
2023-03-23 19:08:32,0.002103875,0.028203159,0.00992882,0.051712605,0.016616094
2023-03-23 19:08:33,0.00153012,0.028099446,0.009949324,0.051525418,0.016781249
2023-03-23 19:08:34,0.003881453,0.031913167,0.009902567,0.0517329,0.01663568
2023-03-23 19:08:35,0.001994595,0.02829878,0.010370275,0.057567535,0.016974431
2023-03-23 19:08:36,0.001678575,0.028877428,0.012007379,0.051832947,0.016897929
2023-03-23 19:08:37,0.001638694,0.028216131,0.011140246,0.051719644,0.016471652
2023-03-23 19:08:38,0.002202452,0.027903224,0.010802881,0.051481346,0.017141025
2023-03-23 19:08:39,0.002178723,0.029352179,0.010542123,0.051784042,0.016678581
2023-03-23 19:08:40,0.001505565,0.028472922,0.010114319,0.051846487,0.016961199
2023-03-23 19:08:41,0.001788366,0.027923898,0.011203294,0.05212716,0.016763897
2023-03-23 19:08:42,0.001707,0.02900429,0.010678734,0.05240572,0.017116422
2023-03-23 19:08:43,0.001576653,0.028289256,0.010340015,0.052351196,0.016462833
2023-03-23 19:08:44,0.001694751,0.027838434,0.009919602,0.051793292,0.016656076
2023-03-23 19:08:45,0.001990694,0.027830952,0.010148106,0.053251502,0.017021125
2023-03-23 19:08:46,0.001665306,0.028091032,0.010223008,0.052103536,0.017001706
2023-03-23 19:08:47,0.001639381,0.028164499,0.010794051,0.052752049,0.016850446
2023-03-23 19:08:48,0.001873989,0.028733947,0.010601292,0.052063376,0.017339283
2023-03-23 19:08:49,0.001756736,0.02801082,0.010863498,0.05192112,0.01678139
2023-03-23 19:08:50,0.002815046,0.02787596,0.012063225,0.062978465,0.016724558
2023-03-23 19:08:51,0.001652386,0.027968171,0.010342525,0.051506774,0.016551827
2023-03-23 19:08:52,0.001476882,0.028223349,0.015395045,0.051710904,0.016560819
2023-03-23 19:08:53,0.001559475,0.027741173,0.010589522,0.056683479,0.01655959
2023-03-23 19:08:54,0.001630561,0.02794759,0.009971836,0.051650308,0.01639866
2023-03-23 19:08:55,0.001690398,0.030768605,0.01024793,0.051617663,0.016449466
2023-03-23 19:08:56,0.008971144,0.027893824,0.00995964,0.059143038,0.016468891
2023-03-23 19:08:57,0.001974941,0.028513598,0.010010364,0.059202341,0.016781317
2023-03-23 19:08:58,0.001511378,0.02777183,0.010121922,0.055139898,0.016930956
2023-03-23 19:08:59,0.003771199,0.027926553,0.009980334,0.051592507,0.016615712
2023-03-23 19:09:00,0.002034627,0.028096784,0.010177583,0.051549097,0.016496789
2023-03-23 19:09:01,0.001635656,0.028109101,0.010267196,0.051556716,0.016769755
2023-03-23 19:09:02,0.001824789,0.027744252,0.010323549,0.054098999,0.016448843
2023-03-23 19:09:03,0.001584567,0.02837258,0.010108539,0.054585376,0.016649438
2023-03-23 19:09:04,0.001887456,0.028271385,0.010167756,0.051669428,0.017454857
2023-03-23 19:09:05,0.00143929,0.028078377,0.010061377,0.05226106,0.01721232
2023-03-23 19:09:06,0.004344039,0.028389381,0.010069042,0.051449721,0.016785895
2023-03-23 19:09:07,0.001676599,0.027982918,0.010267692,0.052334788,0.016398629
2023-03-23 19:09:08,0.002025105,0.02792591,0.010147346,0.052247501,0.016752633
2023-03-23 19:09:09,0.001514208,0.028884584,0.010550646,0.051378686,0.017545773
2023-03-23 19:09:10,0.001663546,0.028300441,0.01031494,0.052317129,0.016575434
2023-03-23 19:09:11,0.001505999,0.027828249,0.010057692,0.051696432,0.016525692
2023-03-23 19:09:12,0.001674644,0.027908975,0.010786735,0.053425821,0.016543004
2023-03-23 19:09:13,0.001610927,0.02802205,0.010157125,0.053181608,0.016407609
2023-03-23 19:09:14,0.001417266,0.028016836,0.009946581,0.051772216,0.016572799
2023-03-23 19:09:15,0.001665919,0.027865482,0.010090416,0.051696252,0.016657169
2023-03-23 19:09:16,0.001592856,0.031166542,0.010169417,0.051737989,0.016559559
2023-03-23 19:09:17,0.001809583,0.028287109,0.01128708,0.052051597,0.016725354
2023-03-23 19:09:18,0.001442208,0.028280284,0.010042309,0.05175348,0.016667455
2023-03-23 19:09:19,0.002271712,0.028142077,0.010230599,0.05220822,0.016850903
2023-03-23 19:09:20,0.001783172,0.027761928,0.01036419,0.05276717,0.017657563
2023-03-23 19:09:21,0.001871564,0.02809423,0.009908447,0.051615617,0.016607851
2023-03-23 19:09:22,0.002511577,0.027914421,0.010015042,0.051682408,0.01678005
2023-03-23 19:09:23,0.001580166,0.027879167,0.010413919,0.05150563,0.016508931
2023-03-23 19:09:24,0.001799578,0.028412994,0.010367882,0.051424473,0.016571151
2023-03-23 19:09:25,0.001609929,0.028020165,0.009838562,0.05300363,0.016390917
2023-03-23 19:09:26,0.001412187,0.028081514,0.010338541,0.052740967,0.01646674
2023-03-23 19:09:27,0.002757256,0.028690477,0.01006511,0.055064629,0.016610096
2023-03-23 19:09:28,0.001912775,0.02802347,0.01191662,0.05558057,0.017389101
2023-03-23 19:09:29,0.002052889,0.028288818,0.010373765,0.055006282,0.016460143
2023-03-23 19:09:30,0.001611214,0.027892103,0.010368117,0.052596555,0.016642402
2023-03-23 19:09:31,0.001578313,0.027882939,0.010082799,0.053142561,0.016549844
2023-03-23 19:09:32,0.001418841,0.028092628,0.010320294,0.054457496,0.016577909
2023-03-23 19:09:33,0.001776677,0.027671711,0.010286925,0.054887687,0.019564623
2023-03-23 19:09:34,0.001555596,0.028188922,0.010817965,0.053645644,0.016974207
2023-03-23 19:09:35,0.001474267,0.028279589,0.010988279,0.054809333,0.016696072
2023-03-23 19:09:36,0.001693422,0.029171035,0.011115886,0.052789602,0.016367001
2023-03-23 19:09:37,0.001660131,0.027993809,0.013063557,0.057021583,0.016407763
2023-03-23 19:09:38,0.00137082,0.027843548,0.015143414,0.054522422,0.016372175
2023-03-23 19:09:39,0.001710451,0.027848214,0.012595197,0.053163011,0.016608137
2023-03-23 19:09:40,0.001646134,0.028364303,0.011602904,0.054401962,0.016649663
2023-03-23 19:09:41,0.001663009,0.027831819,0.012830129,0.054046536,0.016733286
2023-03-23 19:09:42,0.001574973,0.027994513,0.013113817,0.053391395,0.017033114
2023-03-23 19:09:43,0.001547765,0.027804239,0.010287908,0.051846752,0.01653474
2023-03-23 19:09:44,0.001634028,0.028513518,0.014144546,0.052938722,0.016614959
2023-03-23 19:09:45,0.001583893,0.027892082,0.012997307,0.053780226,0.01734671
2023-03-23 19:09:46,0.001855701,0.028083394,0.01064463,0.054164797,0.016868317
2023-03-23 19:09:47,0.001296708,0.028007935,0.01345982,0.054641319,0.016675287
2023-03-23 19:09:48,0.001548901,0.027832826,0.016892821,0.051660932,0.016287061
2023-03-23 19:09:49,0.001542944,0.027968872,0.013623565,0.051779654,0.016491415
2023-03-23 19:09:50,0.001374873,0.027994985,0.012891077,0.054550183,0.016384104
2023-03-23 19:09:51,0.001638449,0.028989013,0.010004752,0.052622064,0.016680533
2023-03-23 19:09:52,0.001422312,0.027762181,0.014768465,0.053265056,0.016506964
2023-03-23 19:09:53,0.001439692,0.029107952,0.010142131,0.054202383,0.016619721
2023-03-23 19:09:54,0.001713878,0.028766436,0.015310625,0.054995781,0.016846692
2023-03-23 19:09:55,0.001828127,0.028116681,0.0126352,0.05897713,0.016413333
2023-03-23 19:09:56,0.001679446,0.030451808,0.014055226,0.051792959,0.016999471
2023-03-23 19:09:57,0.001716618,0.031402496,0.010830685,0.05367839,0.016428833
2023-03-23 19:09:58,0.001383734,0.027864282,0.011586747,0.051655083,0.016897824
2023-03-23 19:09:59,0.001557494,0.028964147,0.010398254,0.051440387,0.016484833
2023-03-23 19:10:00,0.001590354,0.030681225,0.015375951,0.057946388,0.016537838
